{
	"pages": [ //pages数组中第一项表示应用启动页，参考：https://uniapp.dcloud.io/collocation/pages
		{
			"path": "pages/tabs/index/index",
			"style": {
				"app-plus": {
					"titleNView": false
				}
			}
		}, {
			"path": "pages/tabs/world/world",
			"style": {}
		}, {
			"path": "pages/tabs/shop/shop",
			"style": {}
		}, {
			"path": "pages/tabs/mine/mine",
			"style": {}
		}
    ],
	"globalStyle": {
		"navigationBarTextStyle": "black",
		"navigationBarTitleText": "社区",
		"navigationBarBackgroundColor": "#FFFFFF",
		"backgroundColor": "#FFFFFF",
		"transparentTitle": "none"
	},
	"tabBar": {
		"color": "#CDCDCD",
		"selectedColor": "#595BAD",
		"borderStyle": "black",
		"backgroundColor": "#FFFFFF",
		"height": "56px",
		"list": [{
			"pagePath": "pages/tabs/index/index",
			"iconPath": "static/images/tabbar/ic_index.png",
			"selectedIconPath": "static/images/tabbar/ic_index_selected.png",
			"text": "首页"
		}, {
			"pagePath": "pages/tabs/world/world",
			"iconPath": "static/images/tabbar/ic_world.png",
			"selectedIconPath": "static/images/tabbar/ic_world_selected.png",
			"text": "发现"
		}, {
			"pagePath": "pages/tabs/shop/shop",
			"iconPath": "static/images/tabbar/ic_shop.png",
			"selectedIconPath": "static/images/tabbar/ic_shop_selected.png",
			"text": "好物"
		}, {
			"pagePath": "pages/tabs/mine/mine",
			"iconPath": "static/images/tabbar/ic_my.png",
			"selectedIconPath": "static/images/tabbar/ic_my_selected.png",
			"text": "我的"
		}],
		"midButton": {
			"iconPath": "static/images/tabbar/ic_add.png",
			"iconWidth": "52px"
		}
	}
}
